Year,Port,Yield,State,Region,Port_ID
1981,"Brownsville-Port Isabel, TX",28.0,TX,0,0
1982,"Brownsville-Port Isabel, TX",19.0,TX,0,0
1983,"Brownsville-Port Isabel, TX",21.0,TX,0,0
1984,"Brownsville-Port Isabel, TX",23.0,TX,0,0
1985,"Brownsville-Port Isabel, TX",22.9,TX,0,0
1986,"Brownsville-Port Isabel, TX",25.5,TX,0,0
1987,"Brownsville-Port Isabel, TX",13.4,TX,0,0
1988,"Brownsville-Port Isabel, TX",13.8,TX,0,0
1989,"Brownsville-Port Isabel, TX",22.7,TX,0,0
1990,"Brownsville-Port Isabel, TX",25.2,TX,0,0
1991,"Brownsville-Port Isabel, TX",29.6,TX,0,0
1992,"Brownsville-Port Isabel, TX",22.9,TX,0,0
1993,"Brownsville-Port Isabel, TX",18.9,TX,0,0
1994,"Brownsville-Port Isabel, TX",21.0,TX,0,0
1995,"Brownsville-Port Isabel, TX",16.0,TX,0,0
1996,"Brownsville-Port Isabel, TX",22.0,TX,0,0
1997,"Brownsville-Port Isabel, TX",13.8,TX,0,0
1998,"Brownsville-Port Isabel, TX",24.7,TX,0,0
1999,"Brownsville-Port Isabel, TX",23.3,TX,0,0
2000,"Brownsville-Port Isabel, TX",29.2,TX,0,0
2001,"Brownsville-Port Isabel, TX",22.4,TX,0,0
2002,"Brownsville-Port Isabel, TX",19.9,TX,0,0
2003,"Brownsville-Port Isabel, TX",17.9,TX,0,0
2004,"Brownsville-Port Isabel, TX",18.7,TX,0,0
2005,"Brownsville-Port Isabel, TX",20.1,TX,0,0
2006,"Brownsville-Port Isabel, TX",30.5,TX,0,0
2007,"Brownsville-Port Isabel, TX",23.2,TX,0,0
2008,"Brownsville-Port Isabel, TX",20.4,TX,0,0
2009,"Brownsville-Port Isabel, TX",27.0,TX,0,0
2010,"Brownsville-Port Isabel, TX",22.7,TX,0,0
2011,"Brownsville-Port Isabel, TX",24.8,TX,0,0
2012,"Brownsville-Port Isabel, TX",23.0,TX,0,0
2013,"Brownsville-Port Isabel, TX",20.7,TX,0,0
2014,"Brownsville-Port Isabel, TX",12.1,TX,0,0
2015,"Brownsville-Port Isabel, TX",24.7,TX,0,0
2016,"Brownsville-Port Isabel, TX",18.0,TX,0,0
2017,"Brownsville-Port Isabel, TX",23.0,TX,0,0
1981,"Cape May-Wildwood, NJ",42.0,NJ,2,1
1982,"Cape May-Wildwood, NJ",45.2,NJ,2,1
1983,"Cape May-Wildwood, NJ",43.1,NJ,2,1
1984,"Cape May-Wildwood, NJ",52.9,NJ,2,1
1985,"Cape May-Wildwood, NJ",48.8,NJ,2,1
1986,"Cape May-Wildwood, NJ",56.7,NJ,2,1
1987,"Cape May-Wildwood, NJ",56.8,NJ,2,1
1988,"Cape May-Wildwood, NJ",48.0,NJ,2,1
1989,"Cape May-Wildwood, NJ",54.1,NJ,2,1
1990,"Cape May-Wildwood, NJ",69.4,NJ,2,1
1991,"Cape May-Wildwood, NJ",93.5,NJ,2,1
1992,"Cape May-Wildwood, NJ",94.5,NJ,2,1
1993,"Cape May-Wildwood, NJ",95.5,NJ,2,1
1994,"Cape May-Wildwood, NJ",85.4,NJ,2,1
1995,"Cape May-Wildwood, NJ",75.2,NJ,2,1
1996,"Cape May-Wildwood, NJ",82.6,NJ,2,1
1997,"Cape May-Wildwood, NJ",71.0,NJ,2,1
1998,"Cape May-Wildwood, NJ",93.9,NJ,2,1
1999,"Cape May-Wildwood, NJ",64.0,NJ,2,1
2000,"Cape May-Wildwood, NJ",58.9,NJ,2,1
2001,"Cape May-Wildwood, NJ",66.4,NJ,2,1
2002,"Cape May-Wildwood, NJ",60.1,NJ,2,1
2003,"Cape May-Wildwood, NJ",74.1,NJ,2,1
2004,"Cape May-Wildwood, NJ",98.1,NJ,2,1
2005,"Cape May-Wildwood, NJ",74.6,NJ,2,1
2006,"Cape May-Wildwood, NJ",66.3,NJ,2,1
2007,"Cape May-Wildwood, NJ",68.4,NJ,2,1
2008,"Cape May-Wildwood, NJ",82.9,NJ,2,1
2009,"Cape May-Wildwood, NJ",63.9,NJ,2,1
2010,"Cape May-Wildwood, NJ",43.1,NJ,2,1
2011,"Cape May-Wildwood, NJ",39.5,NJ,2,1
2012,"Cape May-Wildwood, NJ",27.8,NJ,2,1
2013,"Cape May-Wildwood, NJ",20.4,NJ,2,1
2014,"Cape May-Wildwood, NJ",49.9,NJ,2,1
2015,"Cape May-Wildwood, NJ",77.2,NJ,2,1
2016,"Cape May-Wildwood, NJ",46.6,NJ,2,1
2017,"Cape May-Wildwood, NJ",101.6,NJ,2,1
1981,"Coos Bay-Charleston, OR",36.0,OR,5,2
1982,"Coos Bay-Charleston, OR",37.0,OR,5,2
1983,"Coos Bay-Charleston, OR",26.2,OR,5,2
1984,"Coos Bay-Charleston, OR",20.1,OR,5,2
1985,"Coos Bay-Charleston, OR",25.6,OR,5,2
1986,"Coos Bay-Charleston, OR",24.3,OR,5,2
1987,"Coos Bay-Charleston, OR",29.6,OR,5,2
1988,"Coos Bay-Charleston, OR",33.0,OR,5,2
1989,"Coos Bay-Charleston, OR",34.9,OR,5,2
1990,"Coos Bay-Charleston, OR",31.8,OR,5,2
1991,"Coos Bay-Charleston, OR",30.0,OR,5,2
1992,"Coos Bay-Charleston, OR",38.0,OR,5,2
1993,"Coos Bay-Charleston, OR",29.0,OR,5,2
1994,"Coos Bay-Charleston, OR",24.0,OR,5,2
1995,"Coos Bay-Charleston, OR",21.0,OR,5,2
1996,"Coos Bay-Charleston, OR",24.0,OR,5,2
1997,"Coos Bay-Charleston, OR",21.5,OR,5,2
1998,"Coos Bay-Charleston, OR",14.6,OR,5,2
1999,"Coos Bay-Charleston, OR",26.0,OR,5,2
2000,"Coos Bay-Charleston, OR",19.2,OR,5,2
2001,"Coos Bay-Charleston, OR",26.8,OR,5,2
2002,"Coos Bay-Charleston, OR",25.8,OR,5,2
2003,"Coos Bay-Charleston, OR",24.7,OR,5,2
2004,"Coos Bay-Charleston, OR",29.8,OR,5,2
2005,"Coos Bay-Charleston, OR",25.7,OR,5,2
2006,"Coos Bay-Charleston, OR",29.0,OR,5,2
2007,"Coos Bay-Charleston, OR",25.5,OR,5,2
2008,"Coos Bay-Charleston, OR",27.0,OR,5,2
2009,"Coos Bay-Charleston, OR",30.1,OR,5,2
2010,"Coos Bay-Charleston, OR",31.0,OR,5,2
2011,"Coos Bay-Charleston, OR",38.6,OR,5,2
2012,"Coos Bay-Charleston, OR",32.4,OR,5,2
2013,"Coos Bay-Charleston, OR",32.8,OR,5,2
2014,"Coos Bay-Charleston, OR",29.4,OR,5,2
2015,"Coos Bay-Charleston, OR",20.6,OR,5,2
2016,"Coos Bay-Charleston, OR",21.3,OR,5,2
2017,"Coos Bay-Charleston, OR",19.3,OR,5,2
1987,"Cordova, AK",69.6,AK,4,3
1988,"Cordova, AK",42.5,AK,4,3
1989,"Cordova, AK",55.3,AK,4,3
1990,"Cordova, AK",70.8,AK,4,3
1991,"Cordova, AK",47.5,AK,4,3
1992,"Cordova, AK",32.0,AK,4,3
1993,"Cordova, AK",18.1,AK,4,3
1994,"Cordova, AK",60.8,AK,4,3
1995,"Cordova, AK",42.5,AK,4,3
1996,"Cordova, AK",55.4,AK,4,3
1997,"Cordova, AK",59.4,AK,4,3
1998,"Cordova, AK",45.4,AK,4,3
1999,"Cordova, AK",62.2,AK,4,3
2001,"Cordova, AK",78.3,AK,4,3
2002,"Cordova, AK",59.2,AK,4,3
2003,"Cordova, AK",71.0,AK,4,3
2004,"Cordova, AK",40.5,AK,4,3
2005,"Cordova, AK",111.2,AK,4,3
2006,"Cordova, AK",45.8,AK,4,3
2007,"Cordova, AK",108.8,AK,4,3
2008,"Cordova, AK",95.7,AK,4,3
2009,"Cordova, AK",45.5,AK,4,3
2010,"Cordova, AK",147.7,AK,4,3
2011,"Cordova, AK",67.5,AK,4,3
2012,"Cordova, AK",83.8,AK,4,3
2013,"Cordova, AK",147.4,AK,4,3
2014,"Cordova, AK",85.0,AK,4,3
2015,"Cordova, AK",162.0,AK,4,3
2016,"Cordova, AK",35.0,AK,4,3
2017,"Cordova, AK",99.2,AK,4,3
1981,"Crescent City, CA",15.0,CA,6,4
1982,"Crescent City, CA",17.7,CA,6,4
1983,"Crescent City, CA",14.5,CA,6,4
1984,"Crescent City, CA",15.9,CA,6,4
1985,"Crescent City, CA",19.8,CA,6,4
1986,"Crescent City, CA",20.9,CA,6,4
1987,"Crescent City, CA",23.1,CA,6,4
1988,"Crescent City, CA",36.0,CA,6,4
1989,"Crescent City, CA",39.4,CA,6,4
1990,"Crescent City, CA",31.1,CA,6,4
1991,"Crescent City, CA",30.2,CA,6,4
1992,"Crescent City, CA",39.2,CA,6,4
1993,"Crescent City, CA",24.3,CA,6,4
1994,"Crescent City, CA",28.4,CA,6,4
1995,"Crescent City, CA",21.8,CA,6,4
1996,"Crescent City, CA",26.4,CA,6,4
1997,"Crescent City, CA",32.7,CA,6,4
1998,"Crescent City, CA",22.9,CA,6,4
1999,"Crescent City, CA",14.3,CA,6,4
2000,"Crescent City, CA",15.6,CA,6,4
2001,"Crescent City, CA",11.3,CA,6,4
2002,"Crescent City, CA",6.4,CA,6,4
2003,"Crescent City, CA",12.3,CA,6,4
2004,"Crescent City, CA",17.0,CA,6,4
2005,"Crescent City, CA",7.0,CA,6,4
2006,"Crescent City, CA",17.8,CA,6,4
2007,"Crescent City, CA",8.5,CA,6,4
2008,"Crescent City, CA",13.6,CA,6,4
2009,"Crescent City, CA",16.0,CA,6,4
2010,"Crescent City, CA",13.3,CA,6,4
2011,"Crescent City, CA",7.5,CA,6,4
2012,"Crescent City, CA",12.8,CA,6,4
2013,"Crescent City, CA",18.2,CA,6,4
2014,"Crescent City, CA",9.3,CA,6,4
2015,"Crescent City, CA",7.0,CA,6,4
2016,"Crescent City, CA",9.5,CA,6,4
2017,"Crescent City, CA",5.1,CA,6,4
1982,"Fernandina Beach, FL",16.5,FL,1,5
2016,"Fernandina Beach, FL",2.0,FL,1,5
2017,"Fernandina Beach, FL",2.3,FL,1,5
1981,"Fort Myers, FL",15.0,FL,1,6
1982,"Fort Myers, FL",9.2,FL,1,6
1983,"Fort Myers, FL",7.3,FL,1,6
1984,"Fort Myers, FL",8.2,FL,1,6
1985,"Fort Myers, FL",8.7,FL,1,6
1986,"Fort Myers, FL",10.4,FL,1,6
1987,"Fort Myers, FL",8.3,FL,1,6
1988,"Fort Myers, FL",10.2,FL,1,6
1989,"Fort Myers, FL",10.9,FL,1,6
1990,"Fort Myers, FL",8.7,FL,1,6
1991,"Fort Myers, FL",9.9,FL,1,6
1994,"Fort Myers, FL",11.1,FL,1,6
1995,"Fort Myers, FL",8.5,FL,1,6
1996,"Fort Myers, FL",11.0,FL,1,6
1997,"Fort Myers, FL",7.7,FL,1,6
1998,"Fort Myers, FL",10.9,FL,1,6
1999,"Fort Myers, FL",9.7,FL,1,6
2000,"Fort Myers, FL",7.9,FL,1,6
2001,"Fort Myers, FL",8.7,FL,1,6
2002,"Fort Myers, FL",9.2,FL,1,6
2003,"Fort Myers, FL",8.2,FL,1,6
2004,"Fort Myers, FL",9.4,FL,1,6
2005,"Fort Myers, FL",8.6,FL,1,6
2006,"Fort Myers, FL",9.9,FL,1,6
2007,"Fort Myers, FL",6.2,FL,1,6
2008,"Fort Myers, FL",5.7,FL,1,6
2009,"Fort Myers, FL",6.0,FL,1,6
2010,"Fort Myers, FL",7.2,FL,1,6
2011,"Fort Myers, FL",8.2,FL,1,6
2012,"Fort Myers, FL",6.5,FL,1,6
2013,"Fort Myers, FL",2.8,FL,1,6
2014,"Fort Myers, FL",6.6,FL,1,6
2015,"Fort Myers, FL",7.3,FL,1,6
2016,"Fort Myers, FL",8.0,FL,1,6
2017,"Fort Myers, FL",10.0,FL,1,6
1981,"Galveston, TX",8.0,TX,0,7
1982,"Galveston, TX",7.0,TX,0,7
1983,"Galveston, TX",12.0,TX,0,7
1984,"Galveston, TX",11.9,TX,0,7
1985,"Galveston, TX",12.8,TX,0,7
1986,"Galveston, TX",13.6,TX,0,7
1987,"Galveston, TX",4.4,TX,0,7
1988,"Galveston, TX",7.7,TX,0,7
1989,"Galveston, TX",8.7,TX,0,7
1990,"Galveston, TX",8.0,TX,0,7
1991,"Galveston, TX",11.8,TX,0,7
1992,"Galveston, TX",12.7,TX,0,7
1993,"Galveston, TX",12.5,TX,0,7
1994,"Galveston, TX",12.4,TX,0,7
1995,"Galveston, TX",17.0,TX,0,7
1996,"Galveston, TX",21.0,TX,0,7
1997,"Galveston, TX",12.5,TX,0,7
1998,"Galveston, TX",16.3,TX,0,7
1999,"Galveston, TX",18.0,TX,0,7
2000,"Galveston, TX",17.4,TX,0,7
2001,"Galveston, TX",18.6,TX,0,7
2002,"Galveston, TX",17.4,TX,0,7
2003,"Galveston, TX",18.6,TX,0,7
2004,"Galveston, TX",16.0,TX,0,7
2005,"Galveston, TX",15.1,TX,0,7
2006,"Galveston, TX",22.0,TX,0,7
2007,"Galveston, TX",19.2,TX,0,7
2008,"Galveston, TX",13.1,TX,0,7
2009,"Galveston, TX",22.0,TX,0,7
2010,"Galveston, TX",13.4,TX,0,7
2011,"Galveston, TX",18.7,TX,0,7
2012,"Galveston, TX",26.6,TX,0,7
2013,"Galveston, TX",22.6,TX,0,7
2014,"Galveston, TX",14.0,TX,0,7
2015,"Galveston, TX",16.4,TX,0,7
2016,"Galveston, TX",15.0,TX,0,7
2017,"Galveston, TX",18.8,TX,0,7
1981,"Grand Isle, LA",7.0,LA,0,8
1982,"Grand Isle, LA",5.6,LA,0,8
1983,"Grand Isle, LA",6.4,LA,0,8
1984,"Grand Isle, LA",9.2,LA,0,8
1985,"Grand Isle, LA",11.1,LA,0,8
1986,"Grand Isle, LA",14.0,LA,0,8
1987,"Grand Isle, LA",12.3,LA,0,8
1988,"Grand Isle, LA",10.8,LA,0,8
1989,"Grand Isle, LA",10.8,LA,0,8
1990,"Grand Isle, LA",14.2,LA,0,8
1991,"Grand Isle, LA",11.7,LA,0,8
1992,"Grand Isle, LA",12.9,LA,0,8
1993,"Grand Isle, LA",18.0,LA,0,8
1994,"Grand Isle, LA",9.6,LA,0,8
1995,"Grand Isle, LA",12.6,LA,0,8
1996,"Grand Isle, LA",13.9,LA,0,8
1997,"Grand Isle, LA",12.7,LA,0,8
1998,"Grand Isle, LA",14.4,LA,0,8
1999,"Grand Isle, LA",14.0,LA,0,8
2000,"Grand Isle, LA",18.2,LA,0,8
2001,"Grand Isle, LA",12.4,LA,0,8
2002,"Grand Isle, LA",15.1,LA,0,8
2003,"Grand Isle, LA",18.3,LA,0,8
2004,"Grand Isle, LA",12.5,LA,0,8
2013,"Grand Isle, LA",7.7,LA,0,8
2014,"Grand Isle, LA",27.7,LA,0,8
2015,"Grand Isle, LA",25.9,LA,0,8
2017,"Grand Isle, LA",18.4,LA,0,8
1981,"Hampton Roads Area, VA",29.0,VA,2,9
1982,"Hampton Roads Area, VA",30.4,VA,2,9
1983,"Hampton Roads Area, VA",31.0,VA,2,9
1984,"Hampton Roads Area, VA",33.4,VA,2,9
1985,"Hampton Roads Area, VA",22.3,VA,2,9
1986,"Hampton Roads Area, VA",23.1,VA,2,9
1987,"Hampton Roads Area, VA",25.1,VA,2,9
1988,"Hampton Roads Area, VA",25.6,VA,2,9
1989,"Hampton Roads Area, VA",24.5,VA,2,9
1990,"Hampton Roads Area, VA",24.3,VA,2,9
1991,"Hampton Roads Area, VA",26.8,VA,2,9
1992,"Hampton Roads Area, VA",20.8,VA,2,9
1993,"Hampton Roads Area, VA",22.1,VA,2,9
1994,"Hampton Roads Area, VA",21.0,VA,2,9
1995,"Hampton Roads Area, VA",20.3,VA,2,9
1996,"Hampton Roads Area, VA",22.9,VA,2,9
1997,"Hampton Roads Area, VA",24.2,VA,2,9
1998,"Hampton Roads Area, VA",24.8,VA,2,9
1999,"Hampton Roads Area, VA",21.9,VA,2,9
2000,"Hampton Roads Area, VA",22.7,VA,2,9
2001,"Hampton Roads Area, VA",28.0,VA,2,9
2002,"Hampton Roads Area, VA",29.9,VA,2,9
2003,"Hampton Roads Area, VA",30.1,VA,2,9
2004,"Hampton Roads Area, VA",34.7,VA,2,9
2005,"Hampton Roads Area, VA",23.5,VA,2,9
2006,"Hampton Roads Area, VA",13.0,VA,2,9
2007,"Hampton Roads Area, VA",21.1,VA,2,9
2008,"Hampton Roads Area, VA",19.3,VA,2,9
2009,"Hampton Roads Area, VA",18.0,VA,2,9
2010,"Hampton Roads Area, VA",16.1,VA,2,9
2011,"Hampton Roads Area, VA",18.3,VA,2,9
2012,"Hampton Roads Area, VA",13.5,VA,2,9
2013,"Hampton Roads Area, VA",16.5,VA,2,9
2014,"Hampton Roads Area, VA",14.7,VA,2,9
2015,"Hampton Roads Area, VA",11.5,VA,2,9
2016,"Hampton Roads Area, VA",12.3,VA,2,9
2017,"Hampton Roads Area, VA",15.5,VA,2,9
1992,"Honolulu, HI",22.4,HI,7,10
1993,"Honolulu, HI",26.6,HI,7,10
1994,"Honolulu, HI",19.1,HI,7,10
1995,"Honolulu, HI",23.9,HI,7,10
1996,"Honolulu, HI",22.9,HI,7,10
1997,"Honolulu, HI",28.3,HI,7,10
1998,"Honolulu, HI",28.3,HI,7,10
1999,"Honolulu, HI",30.6,HI,7,10
2000,"Honolulu, HI",27.0,HI,7,10
2001,"Honolulu, HI",20.0,HI,7,10
2002,"Honolulu, HI",17.7,HI,7,10
2003,"Honolulu, HI",17.8,HI,7,10
2004,"Honolulu, HI",18.9,HI,7,10
2005,"Honolulu, HI",22.2,HI,7,10
2006,"Honolulu, HI",20.9,HI,7,10
2007,"Honolulu, HI",24.2,HI,7,10
2008,"Honolulu, HI",26.0,HI,7,10
2009,"Honolulu, HI",22.3,HI,7,10
2010,"Honolulu, HI",23.5,HI,7,10
2011,"Honolulu, HI",22.8,HI,7,10
2012,"Honolulu, HI",27.1,HI,7,10
2013,"Honolulu, HI",29.0,HI,7,10
2014,"Honolulu, HI",29.0,HI,7,10
2015,"Honolulu, HI",32.3,HI,7,10
2016,"Honolulu, HI",32.3,HI,7,10
2017,"Honolulu, HI",34.0,HI,7,10
1988,"Juneau, AK",3.4,AK,4,11
1993,"Juneau, AK",2.0,AK,4,11
1996,"Juneau, AK",6.6,AK,4,11
1997,"Juneau, AK",5.3,AK,4,11
1998,"Juneau, AK",5.8,AK,4,11
1999,"Juneau, AK",7.6,AK,4,11
2000,"Juneau, AK",6.7,AK,4,11
2001,"Juneau, AK",7.9,AK,4,11
2002,"Juneau, AK",6.4,AK,4,11
2003,"Juneau, AK",8.4,AK,4,11
2004,"Juneau, AK",15.0,AK,4,11
2005,"Juneau, AK",18.5,AK,4,11
2006,"Juneau, AK",19.0,AK,4,11
2007,"Juneau, AK",19.5,AK,4,11
2008,"Juneau, AK",18.4,AK,4,11
2009,"Juneau, AK",16.7,AK,4,11
2010,"Juneau, AK",16.0,AK,4,11
2011,"Juneau, AK",18.0,AK,4,11
2012,"Juneau, AK",18.2,AK,4,11
2013,"Juneau, AK",20.4,AK,4,11
2014,"Juneau, AK",18.5,AK,4,11
2015,"Juneau, AK",16.7,AK,4,11
2016,"Juneau, AK",16.0,AK,4,11
2017,"Juneau, AK",18.2,AK,4,11
1981,"Ketchikan, AK",52.0,AK,4,12
1986,"Ketchikan, AK",42.2,AK,4,12
1987,"Ketchikan, AK",27.6,AK,4,12
1988,"Ketchikan, AK",28.3,AK,4,12
1989,"Ketchikan, AK",91.6,AK,4,12
1990,"Ketchikan, AK",52.6,AK,4,12
1991,"Ketchikan, AK",68.5,AK,4,12
1992,"Ketchikan, AK",70.6,AK,4,12
1993,"Ketchikan, AK",100.6,AK,4,12
1994,"Ketchikan, AK",93.6,AK,4,12
1995,"Ketchikan, AK",116.7,AK,4,12
1996,"Ketchikan, AK",136.8,AK,4,12
1997,"Ketchikan, AK",65.2,AK,4,12
1998,"Ketchikan, AK",99.9,AK,4,12
1999,"Ketchikan, AK",159.4,AK,4,12
2000,"Ketchikan, AK",57.3,AK,4,12
2001,"Ketchikan, AK",27.0,AK,4,12
2002,"Ketchikan, AK",73.2,AK,4,12
2003,"Ketchikan, AK",79.8,AK,4,12
2004,"Ketchikan, AK",96.7,AK,4,12
2005,"Ketchikan, AK",102.5,AK,4,12
2006,"Ketchikan, AK",50.3,AK,4,12
2007,"Ketchikan, AK",83.5,AK,4,12
2008,"Ketchikan, AK",46.0,AK,4,12
2009,"Ketchikan, AK",75.9,AK,4,12
2010,"Ketchikan, AK",75.7,AK,4,12
2011,"Ketchikan, AK",100.0,AK,4,12
2012,"Ketchikan, AK",74.1,AK,4,12
2013,"Ketchikan, AK",143.5,AK,4,12
2014,"Ketchikan, AK",86.5,AK,4,12
2015,"Ketchikan, AK",84.3,AK,4,12
2016,"Ketchikan, AK",65.0,AK,4,12
2017,"Ketchikan, AK",77.0,AK,4,12
1981,"Key West, FL",18.0,FL,1,13
1982,"Key West, FL",10.0,FL,1,13
1983,"Key West, FL",11.7,FL,1,13
1984,"Key West, FL",17.7,FL,1,13
1985,"Key West, FL",15.3,FL,1,13
1986,"Key West, FL",15.4,FL,1,13
1987,"Key West, FL",12.3,FL,1,13
1988,"Key West, FL",9.2,FL,1,13
1989,"Key West, FL",9.6,FL,1,13
1990,"Key West, FL",11.4,FL,1,13
1991,"Key West, FL",14.1,FL,1,13
1992,"Key West, FL",9.4,FL,1,13
1993,"Key West, FL",20.3,FL,1,13
1994,"Key West, FL",21.5,FL,1,13
1995,"Key West, FL",23.4,FL,1,13
1996,"Key West, FL",23.7,FL,1,13
1997,"Key West, FL",18.8,FL,1,13
1998,"Key West, FL",18.9,FL,1,13
1999,"Key West, FL",19.8,FL,1,13
2000,"Key West, FL",16.9,FL,1,13
2001,"Key West, FL",16.4,FL,1,13
2002,"Key West, FL",17.5,FL,1,13
2003,"Key West, FL",15.8,FL,1,13
2004,"Key West, FL",16.0,FL,1,13
2005,"Key West, FL",14.0,FL,1,13
2006,"Key West, FL",13.2,FL,1,13
2007,"Key West, FL",10.1,FL,1,13
2008,"Key West, FL",10.3,FL,1,13
2009,"Key West, FL",11.5,FL,1,13
2010,"Key West, FL",13.3,FL,1,13
2011,"Key West, FL",13.7,FL,1,13
2012,"Key West, FL",11.8,FL,1,13
2013,"Key West, FL",7.5,FL,1,13
2014,"Key West, FL",13.4,FL,1,13
2015,"Key West, FL",17.3,FL,1,13
2016,"Key West, FL",16.0,FL,1,13
2017,"Key West, FL",14.6,FL,1,13
1981,"Kodiak, AK",193.0,AK,4,14
1982,"Kodiak, AK",105.3,AK,4,14
1983,"Kodiak, AK",89.0,AK,4,14
1984,"Kodiak, AK",113.6,AK,4,14
1985,"Kodiak, AK",96.1,AK,4,14
1986,"Kodiak, AK",141.2,AK,4,14
1987,"Kodiak, AK",204.1,AK,4,14
1988,"Kodiak, AK",304.6,AK,4,14
1989,"Kodiak, AK",213.2,AK,4,14
1990,"Kodiak, AK",272.5,AK,4,14
1991,"Kodiak, AK",287.3,AK,4,14
1992,"Kodiak, AK",290.6,AK,4,14
1993,"Kodiak, AK",374.2,AK,4,14
1994,"Kodiak, AK",307.7,AK,4,14
1995,"Kodiak, AK",362.4,AK,4,14
1996,"Kodiak, AK",202.7,AK,4,14
1997,"Kodiak, AK",277.5,AK,4,14
1998,"Kodiak, AK",357.6,AK,4,14
1999,"Kodiak, AK",331.6,AK,4,14
2000,"Kodiak, AK",289.6,AK,4,14
2001,"Kodiak, AK",285.5,AK,4,14
2002,"Kodiak, AK",250.4,AK,4,14
2003,"Kodiak, AK",262.9,AK,4,14
2004,"Kodiak, AK",317.4,AK,4,14
2005,"Kodiak, AK",337.2,AK,4,14
2006,"Kodiak, AK",332.8,AK,4,14
2007,"Kodiak, AK",320.0,AK,4,14
2008,"Kodiak, AK",250.9,AK,4,14
2009,"Kodiak, AK",282.9,AK,4,14
2010,"Kodiak, AK",325.3,AK,4,14
2011,"Kodiak, AK",371.7,AK,4,14
2012,"Kodiak, AK",393.0,AK,4,14
2013,"Kodiak, AK",425.6,AK,4,14
2014,"Kodiak, AK",477.1,AK,4,14
2015,"Kodiak, AK",513.9,AK,4,14
2016,"Kodiak, AK",417.0,AK,4,14
2017,"Kodiak, AK",530.4,AK,4,14
1981,"Los Angeles, CA",373.0,CA,6,15
1982,"Los Angeles, CA",334.8,CA,6,15
1983,"Los Angeles, CA",262.3,CA,6,15
1984,"Los Angeles, CA",237.0,CA,6,15
1985,"Los Angeles, CA",150.3,CA,6,15
1986,"Los Angeles, CA",187.4,CA,6,15
1987,"Los Angeles, CA",203.1,CA,6,15
1988,"Los Angeles, CA",232.0,CA,6,15
1989,"Los Angeles, CA",217.2,CA,6,15
1990,"Los Angeles, CA",158.5,CA,6,15
1991,"Los Angeles, CA",141.5,CA,6,15
1992,"Los Angeles, CA",94.9,CA,6,15
1993,"Los Angeles, CA",99.8,CA,6,15
1994,"Los Angeles, CA",98.2,CA,6,15
1995,"Los Angeles, CA",168.5,CA,6,15
1996,"Los Angeles, CA",156.9,CA,6,15
1997,"Los Angeles, CA",168.2,CA,6,15
1998,"Los Angeles, CA",150.9,CA,6,15
1999,"Los Angeles, CA",194.7,CA,6,15
2000,"Los Angeles, CA",254.7,CA,6,15
2001,"Los Angeles, CA",219.1,CA,6,15
2002,"Los Angeles, CA",170.1,CA,6,15
2003,"Los Angeles, CA",88.7,CA,6,15
2004,"Los Angeles, CA",92.1,CA,6,15
2005,"Los Angeles, CA",139.7,CA,6,15
2006,"Los Angeles, CA",164.5,CA,6,15
2007,"Los Angeles, CA",141.3,CA,6,15
2008,"Los Angeles, CA",123.6,CA,6,15
2009,"Los Angeles, CA",113.6,CA,6,15
2010,"Los Angeles, CA",186.8,CA,6,15
2011,"Los Angeles, CA",157.2,CA,6,15
2012,"Los Angeles, CA",161.9,CA,6,15
2013,"Los Angeles, CA",113.1,CA,6,15
2014,"Los Angeles, CA",55.2,CA,6,15
2015,"Los Angeles, CA",14.7,CA,6,15
2016,"Los Angeles, CA",36.5,CA,6,15
2017,"Los Angeles, CA",43.2,CA,6,15
1984,"Montauk, NY",10.9,NY,2,16
1985,"Montauk, NY",8.4,NY,2,16
1986,"Montauk, NY",11.0,NY,2,16
1987,"Montauk, NY",14.7,NY,2,16
1988,"Montauk, NY",13.2,NY,2,16
1989,"Montauk, NY",9.6,NY,2,16
1990,"Montauk, NY",14.3,NY,2,16
1991,"Montauk, NY",14.3,NY,2,16
1992,"Montauk, NY",14.6,NY,2,16
1993,"Montauk, NY",15.9,NY,2,16
1994,"Montauk, NY",11.6,NY,2,16
1995,"Montauk, NY",11.1,NY,2,16
1996,"Montauk, NY",9.4,NY,2,16
1997,"Montauk, NY",13.6,NY,2,16
1998,"Montauk, NY",12.7,NY,2,16
1999,"Montauk, NY",12.9,NY,2,16
2000,"Montauk, NY",12.6,NY,2,16
2001,"Montauk, NY",14.5,NY,2,16
2002,"Montauk, NY",11.3,NY,2,16
2003,"Montauk, NY",10.9,NY,2,16
2004,"Montauk, NY",12.3,NY,2,16
2005,"Montauk, NY",12.4,NY,2,16
2006,"Montauk, NY",10.9,NY,2,16
2007,"Montauk, NY",10.8,NY,2,16
2008,"Montauk, NY",11.2,NY,2,16
2009,"Montauk, NY",11.5,NY,2,16
2010,"Montauk, NY",12.9,NY,2,16
2011,"Montauk, NY",13.0,NY,2,16
2012,"Montauk, NY",14.8,NY,2,16
2013,"Montauk, NY",13.1,NY,2,16
2014,"Montauk, NY",11.8,NY,2,16
2015,"Montauk, NY",11.6,NY,2,16
2016,"Montauk, NY",11.8,NY,2,16
2017,"Montauk, NY",10.1,NY,2,16
1981,"Monterey, CA",49.0,CA,6,17
1982,"Monterey, CA",44.5,CA,6,17
1983,"Monterey, CA",17.6,CA,6,17
1984,"Monterey, CA",30.3,CA,6,17
1985,"Monterey, CA",18.2,CA,6,17
1986,"Monterey, CA",16.4,CA,6,17
1987,"Monterey, CA",16.1,CA,6,17
1988,"Monterey, CA",14.0,CA,6,17
1989,"Monterey, CA",17.3,CA,6,17
1990,"Monterey, CA",22.8,CA,6,17
1991,"Monterey, CA",19.3,CA,6,17
1992,"Monterey, CA",17.6,CA,6,17
1993,"Monterey, CA",15.3,CA,6,17
1994,"Monterey, CA",27.6,CA,6,17
1995,"Monterey, CA",18.6,CA,6,17
1996,"Monterey, CA",24.9,CA,6,17
1997,"Monterey, CA",30.7,CA,6,17
1998,"Monterey, CA",6.9,CA,6,17
1999,"Monterey, CA",5.7,CA,6,17
2000,"Monterey, CA",10.9,CA,6,17
2001,"Monterey, CA",7.5,CA,6,17
2002,"Monterey, CA",14.8,CA,6,17
2003,"Monterey, CA",10.0,CA,6,17
2004,"Monterey, CA",3.7,CA,6,17
2005,"Monterey, CA",1.7,CA,6,17
2008,"Monterey, CA",13.4,CA,6,17
2009,"Monterey, CA",12.9,CA,6,17
2010,"Monterey, CA",17.1,CA,6,17
2011,"Monterey, CA",25.0,CA,6,17
2012,"Monterey, CA",6.9,CA,6,17
2013,"Monterey, CA",22.5,CA,6,17
2014,"Monterey, CA",67.7,CA,6,17
2015,"Monterey, CA",28.4,CA,6,17
2016,"Monterey, CA",10.4,CA,6,17
2017,"Monterey, CA",13.6,CA,6,17
1983,"Neah Bay, WA",2.7,WA,5,18
1989,"Neah Bay, WA",4.3,WA,5,18
1990,"Neah Bay, WA",4.8,WA,5,18
1991,"Neah Bay, WA",6.0,WA,5,18
1993,"Neah Bay, WA",8.4,WA,5,18
1995,"Neah Bay, WA",5.0,WA,5,18
1996,"Neah Bay, WA",5.3,WA,5,18
1997,"Neah Bay, WA",5.6,WA,5,18
2003,"Neah Bay, WA",7.1,WA,5,18
2004,"Neah Bay, WA",4.8,WA,5,18
2005,"Neah Bay, WA",6.8,WA,5,18
2006,"Neah Bay, WA",5.6,WA,5,18
2007,"Neah Bay, WA",4.7,WA,5,18
2008,"Neah Bay, WA",4.3,WA,5,18
2009,"Neah Bay, WA",4.9,WA,5,18
2010,"Neah Bay, WA",5.1,WA,5,18
2011,"Neah Bay, WA",5.1,WA,5,18
2012,"Neah Bay, WA",5.6,WA,5,18
2013,"Neah Bay, WA",5.0,WA,5,18
2014,"Neah Bay, WA",4.5,WA,5,18
2015,"Neah Bay, WA",5.6,WA,5,18
2016,"Neah Bay, WA",4.6,WA,5,18
2017,"Neah Bay, WA",4.6,WA,5,18
1996,"New London, CT",13.8,CT,3,19
1997,"New London, CT",5.7,CT,3,19
1998,"New London, CT",5.3,CT,3,19
1999,"New London, CT",5.4,CT,3,19
2000,"New London, CT",4.0,CT,3,19
2001,"New London, CT",4.7,CT,3,19
2002,"New London, CT",5.9,CT,3,19
2003,"New London, CT",6.5,CT,3,19
2009,"New London, CT",1.7,CT,3,19
2010,"New London, CT",3.2,CT,3,19
2011,"New London, CT",2.9,CT,3,19
2012,"New London, CT",5.0,CT,3,19
2013,"New London, CT",4.9,CT,3,19
2014,"New London, CT",4.3,CT,3,19
2015,"New London, CT",6.1,CT,3,19
2016,"New London, CT",9.0,CT,3,19
2017,"New London, CT",5.6,CT,3,19
1985,"Newport, RI",16.8,RI,3,20
1986,"Newport, RI",11.6,RI,3,20
1987,"Newport, RI",11.5,RI,3,20
1990,"Newport, RI",15.0,RI,3,20
1991,"Newport, RI",16.7,RI,3,20
1992,"Newport, RI",14.2,RI,3,20
1993,"Newport, RI",11.9,RI,3,20
1994,"Newport, RI",12.1,RI,3,20
1995,"Newport, RI",13.2,RI,3,20
1996,"Newport, RI",18.0,RI,3,20
1997,"Newport, RI",8.1,RI,3,20
1998,"Newport, RI",8.0,RI,3,20
2004,"Newport, RI",8.0,RI,3,20
2005,"Newport, RI",7.3,RI,3,20
2006,"Newport, RI",10.3,RI,3,20
2007,"Newport, RI",8.7,RI,3,20
2008,"Newport, RI",6.7,RI,3,20
2009,"Newport, RI",7.6,RI,3,20
2010,"Newport, RI",7.5,RI,3,20
2011,"Newport, RI",5.6,RI,3,20
2012,"Newport, RI",7.3,RI,3,20
2013,"Newport, RI",8.1,RI,3,20
2014,"Newport, RI",6.4,RI,3,20
2015,"Newport, RI",8.3,RI,3,20
2016,"Newport, RI",6.6,RI,3,20
2017,"Newport, RI",7.3,RI,3,20
2013,"Norton/Kotzebue Sound, AK",2.9,AK,4,21
2014,"Norton/Kotzebue Sound, AK",2.7,AK,4,21
2016,"Norton/Kotzebue Sound, AK",3.0,AK,4,21
2017,"Norton/Kotzebue Sound, AK",4.1,AK,4,21
1981,"Ocean City, MD",23.0,MD,2,22
1982,"Ocean City, MD",23.4,MD,2,22
1983,"Ocean City, MD",20.6,MD,2,22
1984,"Ocean City, MD",24.4,MD,2,22
1985,"Ocean City, MD",24.5,MD,2,22
1986,"Ocean City, MD",29.1,MD,2,22
1987,"Ocean City, MD",22.5,MD,2,22
1988,"Ocean City, MD",21.1,MD,2,22
1989,"Ocean City, MD",24.6,MD,2,22
1990,"Ocean City, MD",21.1,MD,2,22
1991,"Ocean City, MD",25.4,MD,2,22
1992,"Ocean City, MD",17.9,MD,2,22
1993,"Ocean City, MD",14.1,MD,2,22
1994,"Ocean City, MD",12.5,MD,2,22
1995,"Ocean City, MD",12.5,MD,2,22
1996,"Ocean City, MD",16.3,MD,2,22
1997,"Ocean City, MD",13.3,MD,2,22
1998,"Ocean City, MD",11.4,MD,2,22
1999,"Ocean City, MD",10.9,MD,2,22
2000,"Ocean City, MD",9.6,MD,2,22
2001,"Ocean City, MD",13.2,MD,2,22
2002,"Ocean City, MD",12.1,MD,2,22
2003,"Ocean City, MD",9.1,MD,2,22
2005,"Ocean City, MD",8.0,MD,2,22
2006,"Ocean City, MD",10.3,MD,2,22
2007,"Ocean City, MD",10.1,MD,2,22
2008,"Ocean City, MD",10.6,MD,2,22
2009,"Ocean City, MD",8.6,MD,2,22
2010,"Ocean City, MD",16.7,MD,2,22
2011,"Ocean City, MD",9.0,MD,2,22
2012,"Ocean City, MD",6.0,MD,2,22
2013,"Ocean City, MD",4.6,MD,2,22
2014,"Ocean City, MD",5.4,MD,2,22
2015,"Ocean City, MD",4.1,MD,2,22
2016,"Ocean City, MD",4.0,MD,2,22
2017,"Ocean City, MD",4.4,MD,2,22
1985,"Panama City, FL",10.9,FL,1,23
1986,"Panama City, FL",11.0,FL,1,23
1987,"Panama City, FL",8.2,FL,1,23
1988,"Panama City, FL",8.1,FL,1,23
1989,"Panama City, FL",7.5,FL,1,23
1990,"Panama City, FL",13.2,FL,1,23
1991,"Panama City, FL",9.7,FL,1,23
1995,"Panama City, FL",5.4,FL,1,23
1997,"Panama City, FL",3.6,FL,1,23
1999,"Panama City, FL",4.1,FL,1,23
2005,"Panama City, FL",2.8,FL,1,23
2006,"Panama City, FL",3.0,FL,1,23
2007,"Panama City, FL",3.1,FL,1,23
2008,"Panama City, FL",3.7,FL,1,23
2009,"Panama City, FL",3.8,FL,1,23
2010,"Panama City, FL",2.5,FL,1,23
2011,"Panama City, FL",3.7,FL,1,23
2012,"Panama City, FL",3.8,FL,1,23
2013,"Panama City, FL",0.9,FL,1,23
2014,"Panama City, FL",3.3,FL,1,23
2015,"Panama City, FL",3.6,FL,1,23
2016,"Panama City, FL",4.0,FL,1,23
2017,"Panama City, FL",3.5,FL,1,23
1981,"Portland, ME",39.0,ME,3,24
1982,"Portland, ME",68.1,ME,3,24
1983,"Portland, ME",54.8,ME,3,24
1984,"Portland, ME",37.8,ME,3,24
1985,"Portland, ME",37.0,ME,3,24
1986,"Portland, ME",35.6,ME,3,24
1987,"Portland, ME",44.2,ME,3,24
1988,"Portland, ME",44.0,ME,3,24
1989,"Portland, ME",49.0,ME,3,24
1990,"Portland, ME",49.5,ME,3,24
1991,"Portland, ME",64.0,ME,3,24
1992,"Portland, ME",60.0,ME,3,24
1993,"Portland, ME",87.3,ME,3,24
1994,"Portland, ME",65.3,ME,3,24
1995,"Portland, ME",66.8,ME,3,24
1996,"Portland, ME",78.3,ME,3,24
1997,"Portland, ME",74.7,ME,3,24
1998,"Portland, ME",46.5,ME,3,24
1999,"Portland, ME",55.6,ME,3,24
2000,"Portland, ME",63.9,ME,3,24
2001,"Portland, ME",86.6,ME,3,24
2002,"Portland, ME",62.0,ME,3,24
2003,"Portland, ME",68.5,ME,3,24
2004,"Portland, ME",62.4,ME,3,24
2005,"Portland, ME",56.8,ME,3,24
2006,"Portland, ME",58.2,ME,3,24
2007,"Portland, ME",34.2,ME,3,24
2008,"Portland, ME",35.1,ME,3,24
2009,"Portland, ME",37.3,ME,3,24
2010,"Portland, ME",38.2,ME,3,24
2011,"Portland, ME",61.1,ME,3,24
2012,"Portland, ME",59.0,ME,3,24
2013,"Portland, ME",62.1,ME,3,24
2014,"Portland, ME",56.5,ME,3,24
2015,"Portland, ME",62.4,ME,3,24
2016,"Portland, ME",49.8,ME,3,24
2017,"Portland, ME",49.2,ME,3,24
1981,"San Diego, CA",149.0,CA,6,25
1982,"San Diego, CA",106.8,CA,6,25
1983,"San Diego, CA",84.6,CA,6,25
1984,"San Diego, CA",43.6,CA,6,25
1985,"San Diego, CA",6.1,CA,6,25
1986,"San Diego, CA",5.4,CA,6,25
1987,"San Diego, CA",7.3,CA,6,25
1988,"San Diego, CA",7.0,CA,6,25
1989,"San Diego, CA",4.2,CA,6,25
1990,"San Diego, CA",3.5,CA,6,25
1991,"San Diego, CA",4.0,CA,6,25
1992,"San Diego, CA",3.5,CA,6,25
1994,"San Diego, CA",10.7,CA,6,25
1995,"San Diego, CA",3.7,CA,6,25
1996,"San Diego, CA",3.4,CA,6,25
1997,"San Diego, CA",3.5,CA,6,25
1998,"San Diego, CA",5.4,CA,6,25
1999,"San Diego, CA",4.0,CA,6,25
2000,"San Diego, CA",2.6,CA,6,25
2002,"San Diego, CA",2.5,CA,6,25
2003,"San Diego, CA",2.3,CA,6,25
2004,"San Diego, CA",2.2,CA,6,25
2005,"San Diego, CA",1.9,CA,6,25
2006,"San Diego, CA",2.4,CA,6,25
2014,"San Diego, CA",1.7,CA,6,25
2015,"San Diego, CA",2.1,CA,6,25
2016,"San Diego, CA",2.2,CA,6,25
2017,"San Diego, CA",2.0,CA,6,25
1981,"San Francisco Area, CA",35.0,CA,6,26
1982,"San Francisco Area, CA",43.5,CA,6,26
1983,"San Francisco Area, CA",42.0,CA,6,26
1984,"San Francisco Area, CA",22.4,CA,6,26
1985,"San Francisco Area, CA",31.0,CA,6,26
1986,"San Francisco Area, CA",25.9,CA,6,26
1987,"San Francisco Area, CA",27.0,CA,6,26
1988,"San Francisco Area, CA",25.0,CA,6,26
1989,"San Francisco Area, CA",33.0,CA,6,26
1990,"San Francisco Area, CA",26.8,CA,6,26
1991,"San Francisco Area, CA",26.0,CA,6,26
1992,"San Francisco Area, CA",19.6,CA,6,26
1993,"San Francisco Area, CA",12.9,CA,6,26
1994,"San Francisco Area, CA",10.9,CA,6,26
1995,"San Francisco Area, CA",15.7,CA,6,26
1996,"San Francisco Area, CA",19.2,CA,6,26
1997,"San Francisco Area, CA",29.4,CA,6,26
1998,"San Francisco Area, CA",9.1,CA,6,26
1999,"San Francisco Area, CA",9.5,CA,6,26
2000,"San Francisco Area, CA",11.2,CA,6,26
2001,"San Francisco Area, CA",9.0,CA,6,26
2002,"San Francisco Area, CA",12.1,CA,6,26
2003,"San Francisco Area, CA",11.4,CA,6,26
2004,"San Francisco Area, CA",10.4,CA,6,26
2005,"San Francisco Area, CA",5.1,CA,6,26
2006,"San Francisco Area, CA",5.1,CA,6,26
2009,"San Francisco Area, CA",5.8,CA,6,26
2010,"San Francisco Area, CA",8.9,CA,6,26
2011,"San Francisco Area, CA",12.4,CA,6,26
2012,"San Francisco Area, CA",8.1,CA,6,26
2013,"San Francisco Area, CA",11.4,CA,6,26
2014,"San Francisco Area, CA",19.5,CA,6,26
2015,"San Francisco Area, CA",5.2,CA,6,26
2016,"San Francisco Area, CA",12.9,CA,6,26
2017,"San Francisco Area, CA",5.3,CA,6,26
1981,"Santa Barbara, CA",14.0,CA,6,27
1982,"Santa Barbara, CA",11.0,CA,6,27
1983,"Santa Barbara, CA",9.3,CA,6,27
1984,"Santa Barbara, CA",10.1,CA,6,27
1985,"Santa Barbara, CA",10.7,CA,6,27
1986,"Santa Barbara, CA",13.7,CA,6,27
1987,"Santa Barbara, CA",9.9,CA,6,27
1988,"Santa Barbara, CA",7.0,CA,6,27
1989,"Santa Barbara, CA",9.9,CA,6,27
1990,"Santa Barbara, CA",11.6,CA,6,27
1991,"Santa Barbara, CA",12.9,CA,6,27
1992,"Santa Barbara, CA",10.4,CA,6,27
1993,"Santa Barbara, CA",9.2,CA,6,27
1994,"Santa Barbara, CA",9.9,CA,6,27
1995,"Santa Barbara, CA",6.9,CA,6,27
1996,"Santa Barbara, CA",10.9,CA,6,27
1997,"Santa Barbara, CA",9.4,CA,6,27
1998,"Santa Barbara, CA",5.1,CA,6,27
1999,"Santa Barbara, CA",7.0,CA,6,27
2000,"Santa Barbara, CA",7.1,CA,6,27
2001,"Santa Barbara, CA",5.3,CA,6,27
2002,"Santa Barbara, CA",6.1,CA,6,27
2003,"Santa Barbara, CA",5.5,CA,6,27
2004,"Santa Barbara, CA",7.9,CA,6,27
2005,"Santa Barbara, CA",7.9,CA,6,27
2006,"Santa Barbara, CA",6.9,CA,6,27
2008,"Santa Barbara, CA",5.6,CA,6,27
2009,"Santa Barbara, CA",6.1,CA,6,27
2010,"Santa Barbara, CA",5.7,CA,6,27
2011,"Santa Barbara, CA",6.3,CA,6,27
2012,"Santa Barbara, CA",6.7,CA,6,27
2013,"Santa Barbara, CA",6.4,CA,6,27
2014,"Santa Barbara, CA",6.6,CA,6,27
2015,"Santa Barbara, CA",6.2,CA,6,27
2016,"Santa Barbara, CA",5.2,CA,6,27
2017,"Santa Barbara, CA",3.9,CA,6,27
1992,"Savannah, GA",4.2,GA,1,28
1994,"Savannah, GA",4.0,GA,1,28
1995,"Savannah, GA",4.0,GA,1,28
1996,"Savannah, GA",3.0,GA,1,28
1997,"Savannah, GA",3.1,GA,1,28
1998,"Savannah, GA",2.5,GA,1,28
2013,"Savannah, GA",1.6,GA,1,28
2014,"Savannah, GA",1.7,GA,1,28
2015,"Savannah, GA",1.6,GA,1,28
2016,"Savannah, GA",1.8,GA,1,28
2017,"Savannah, GA",2.1,GA,1,28
1981,"Seattle, WA",25.0,WA,5,29
1982,"Seattle, WA",44.4,WA,5,29
1983,"Seattle, WA",42.2,WA,5,29
1984,"Seattle, WA",60.3,WA,5,29
1985,"Seattle, WA",42.2,WA,5,29
1986,"Seattle, WA",38.2,WA,5,29
1987,"Seattle, WA",22.2,WA,5,29
1988,"Seattle, WA",17.5,WA,5,29
1989,"Seattle, WA",15.6,WA,5,29
1990,"Seattle, WA",16.5,WA,5,29
1991,"Seattle, WA",26.0,WA,5,29
1992,"Seattle, WA",7.0,WA,5,29
1993,"Seattle, WA",10.3,WA,5,29
1994,"Seattle, WA",391.8,WA,5,29
1995,"Seattle, WA",229.0,WA,5,29
1996,"Seattle, WA",241.2,WA,5,29
1997,"Seattle, WA",336.1,WA,5,29
1998,"Seattle, WA",312.8,WA,5,29
1999,"Seattle, WA",2.7,WA,5,29
2000,"Seattle, WA",3.8,WA,5,29
2002,"Seattle, WA",7.0,WA,5,29
2003,"Seattle, WA",7.1,WA,5,29
2004,"Seattle, WA",7.7,WA,5,29
2005,"Seattle, WA",4.5,WA,5,29
2006,"Seattle, WA",6.9,WA,5,29
2007,"Seattle, WA",6.2,WA,5,29
2008,"Seattle, WA",4.8,WA,5,29
2009,"Seattle, WA",7.5,WA,5,29
2010,"Seattle, WA",5.8,WA,5,29
2011,"Seattle, WA",8.0,WA,5,29
2012,"Seattle, WA",5.3,WA,5,29
2013,"Seattle, WA",12.4,WA,5,29
2014,"Seattle, WA",6.0,WA,5,29
2015,"Seattle, WA",6.4,WA,5,29
2016,"Seattle, WA",5.1,WA,5,29
2017,"Seattle, WA",6.3,WA,5,29
1988,"Seward, AK",23.0,AK,4,30
1989,"Seward, AK",34.2,AK,4,30
1990,"Seward, AK",51.2,AK,4,30
1991,"Seward, AK",44.6,AK,4,30
1992,"Seward, AK",24.2,AK,4,30
1993,"Seward, AK",17.6,AK,4,30
1994,"Seward, AK",30.7,AK,4,30
1995,"Seward, AK",24.4,AK,4,30
1996,"Seward, AK",29.2,AK,4,30
1997,"Seward, AK",32.8,AK,4,30
1998,"Seward, AK",45.0,AK,4,30
1999,"Seward, AK",41.8,AK,4,30
2000,"Seward, AK",28.6,AK,4,30
2001,"Seward, AK",43.8,AK,4,30
2002,"Seward, AK",38.2,AK,4,30
2003,"Seward, AK",43.6,AK,4,30
2004,"Seward, AK",38.6,AK,4,30
2005,"Seward, AK",60.5,AK,4,30
2006,"Seward, AK",36.8,AK,4,30
2007,"Seward, AK",71.8,AK,4,30
2008,"Seward, AK",36.5,AK,4,30
2009,"Seward, AK",29.3,AK,4,30
2010,"Seward, AK",75.4,AK,4,30
2011,"Seward, AK",50.0,AK,4,30
2012,"Seward, AK",54.0,AK,4,30
2013,"Seward, AK",84.3,AK,4,30
2014,"Seward, AK",52.4,AK,4,30
2015,"Seward, AK",94.4,AK,4,30
2016,"Seward, AK",27.0,AK,4,30
2017,"Seward, AK",50.5,AK,4,30
1984,"Sitka, AK",39.8,AK,4,31
1986,"Sitka, AK",25.2,AK,4,31
1987,"Sitka, AK",27.1,AK,4,31
1988,"Sitka, AK",27.7,AK,4,31
1989,"Sitka, AK",30.3,AK,4,31
1990,"Sitka, AK",24.4,AK,4,31
1991,"Sitka, AK",27.4,AK,4,31
1992,"Sitka, AK",36.3,AK,4,31
1993,"Sitka, AK",26.3,AK,4,31
1994,"Sitka, AK",32.4,AK,4,31
1995,"Sitka, AK",31.0,AK,4,31
1996,"Sitka, AK",32.0,AK,4,31
1997,"Sitka, AK",21.3,AK,4,31
1998,"Sitka, AK",19.3,AK,4,31
1999,"Sitka, AK",36.2,AK,4,31
2000,"Sitka, AK",95.5,AK,4,31
2001,"Sitka, AK",64.4,AK,4,31
2002,"Sitka, AK",69.6,AK,4,31
2003,"Sitka, AK",34.6,AK,4,31
2004,"Sitka, AK",37.3,AK,4,31
2005,"Sitka, AK",38.1,AK,4,31
2006,"Sitka, AK",46.9,AK,4,31
2007,"Sitka, AK",55.5,AK,4,31
2008,"Sitka, AK",52.7,AK,4,31
2009,"Sitka, AK",78.4,AK,4,31
2010,"Sitka, AK",74.6,AK,4,31
2011,"Sitka, AK",113.2,AK,4,31
2012,"Sitka, AK",67.1,AK,4,31
2013,"Sitka, AK",126.2,AK,4,31
2014,"Sitka, AK",88.5,AK,4,31
2015,"Sitka, AK",87.4,AK,4,31
2016,"Sitka, AK",56.0,AK,4,31
2017,"Sitka, AK",91.3,AK,4,31
1993,"Tampa Bay-St. Petersburg, FL",12.4,FL,1,32
1994,"Tampa Bay-St. Petersburg, FL",11.3,FL,1,32
1995,"Tampa Bay-St. Petersburg, FL",10.9,FL,1,32
1996,"Tampa Bay-St. Petersburg, FL",11.8,FL,1,32
1997,"Tampa Bay-St. Petersburg, FL",9.4,FL,1,32
1998,"Tampa Bay-St. Petersburg, FL",14.4,FL,1,32
1999,"Tampa Bay-St. Petersburg, FL",11.1,FL,1,32
2000,"Tampa Bay-St. Petersburg, FL",11.7,FL,1,32
2001,"Tampa Bay-St. Petersburg, FL",12.7,FL,1,32
2002,"Tampa Bay-St. Petersburg, FL",12.4,FL,1,32
2003,"Tampa Bay-St. Petersburg, FL",12.5,FL,1,32
2004,"Tampa Bay-St. Petersburg, FL",12.3,FL,1,32
2005,"Tampa Bay-St. Petersburg, FL",10.0,FL,1,32
2006,"Tampa Bay-St. Petersburg, FL",11.9,FL,1,32
2007,"Tampa Bay-St. Petersburg, FL",6.2,FL,1,32
2008,"Tampa Bay-St. Petersburg, FL",7.3,FL,1,32
2009,"Tampa Bay-St. Petersburg, FL",6.0,FL,1,32
2010,"Tampa Bay-St. Petersburg, FL",5.5,FL,1,32
2011,"Tampa Bay-St. Petersburg, FL",8.1,FL,1,32
2012,"Tampa Bay-St. Petersburg, FL",9.1,FL,1,32
2013,"Tampa Bay-St. Petersburg, FL",7.1,FL,1,32
2014,"Tampa Bay-St. Petersburg, FL",12.5,FL,1,32
2015,"Tampa Bay-St. Petersburg, FL",13.6,FL,1,32
2016,"Tampa Bay-St. Petersburg, FL",10.0,FL,1,32
2017,"Tampa Bay-St. Petersburg, FL",13.9,FL,1,32
2014,"Willapa Bay, WA",6.9,WA,5,33
2015,"Willapa Bay, WA",2.9,WA,5,33
2016,"Willapa Bay, WA",3.8,WA,5,33
2017,"Willapa Bay, WA",3.4,WA,5,33
1988,"Yakutat, AK",8.9,AK,4,34
1989,"Yakutat, AK",11.9,AK,4,34
1990,"Yakutat, AK",7.9,AK,4,34
2004,"Yakutat, AK",3.2,AK,4,34
2005,"Yakutat, AK",3.9,AK,4,34
2006,"Yakutat, AK",6.1,AK,4,34
2007,"Yakutat, AK",6.2,AK,4,34
2008,"Yakutat, AK",4.4,AK,4,34
2009,"Yakutat, AK",5.5,AK,4,34
2010,"Yakutat, AK",6.8,AK,4,34
2011,"Yakutat, AK",6.1,AK,4,34
2012,"Yakutat, AK",5.0,AK,4,34
2013,"Yakutat, AK",6.2,AK,4,34
2014,"Yakutat, AK",5.2,AK,4,34
2015,"Yakutat, AK",4.4,AK,4,34
2016,"Yakutat, AK",5.0,AK,4,34
2017,"Yakutat, AK",3.5,AK,4,34
